source_row,harvest_date,grade,fermentation_date,tank_no,dryer_date_in,table_numbers,no_of_debes,dryer_date_out,moisture_percent,storage_lot,storage_date_in,storage_lot_no,storage_lot_departure_date,occupancy_percent
2,2025-05-28 00:00:00,P1,2026-05-28 00:00:00,,2026-05-30 00:00:00,,,,,,,SH-P1-1,20/8/2026,
5,,PL,,,,45,0,2026-05-30 00:00:00,11,,,SH-P1-4,2026-09-18 00:00:00,
6,2026-05-29 00:00:00,P1,2026-05-29 00:00:00,,2026-06-01 00:00:00,45,0.5,2026-06-16 00:00:00,11.1,SH-P1-1,2026-06-16 00:00:00,SH-P1-5,2026-09-22 00:00:00,
9,,PL,,,,45,0.5,2026-06-16 00:00:00,11,SH-PL-1,,SH-P3-5,,
10,2026-05-30 00:00:00,P1,2025-05-30 00:00:00,,2026-06-02 00:00:00,,,,,,,SH-P2-3,,
12,,P3,,,,45,0.5,2026-06-16 00:00:00,12,,,SH-P2-1,,
13,,PL,,,,45,0.5,2026-06-16 00:00:00,13,SH-PL-1,,SH-P3-1,,
15,,P2,,,2026-06-04 00:00:00,45,0.5,2026-06-16 00:00:00,11,,,SH-P2-2,,
17,,PL,,,2026-06-04 00:00:00,45,0.5,2026-06-22 00:00:00,11,SH-PL-1,,SH-PL-2,,
21,,PL,,,2026-06-05 00:00:00,45,0,2026-06-22 00:00:00,11,SH-PL-1,,,,
25,,PL,,,2026-06-05 00:00:00,45,0,2026-06-22 00:00:00,11,SH-PL-1,,,,
29,,PL,2026-04-06 00:00:00,,2026-06-07 00:00:00,,0,,11,SH-PL-1,,,,
33,,PL,2026-05-06 00:00:00,,2026-06-08 00:00:00,45,0.5,2026-06-22 00:00:00,11,SH-PL-1,,,,
37,,PL,2026-06-06 00:00:00,,2026-06-09 00:00:00,45,0.5,2026-06-22 00:00:00,13,SH-PL-1,,,,
41,,PL,2026-08-06 00:00:00,,2026-06-11 00:00:00,45,0.5,2026-06-22 00:00:00,13,SH-PL-1,,,,
45,,PL,,,2026-06-13 00:00:00,46,0.5,2026-06-26 00:00:00,9,SH-PL-1,,,,
46,2026-06-10 00:00:00,P1,2026-10-06 00:00:00,8,2026-06-13 00:00:00,6,3,2026-06-26 00:00:00,10,SH-P1-1,2026-06-26 00:00:00,,,
49,,PL,,,2026-06-13 00:00:00,46,1.5,2026-06-26 00:00:00,9,SH-PL-1,,,,
50,2026-06-11 00:00:00,P1,2026-06-11 00:00:00,10,2026-06-14 00:00:00,6,3,2026-06-27 00:00:00,10,SH-P1-1,2026-06-27 00:00:00,,,
53,,PL,,,2026-06-14 00:00:00,46,1.5,2026-06-27 00:00:00,9,SH-PL-1,,,,
54,2026-06-12 00:00:00,P1,2026-12-06 00:00:00,13,2026-06-15 00:00:00,6,1.5,2026-06-27 00:00:00,10,SH-P1-1,2026-06-27 00:00:00,,,
57,,PL,,,2026-06-15 00:00:00,46,1,2026-06-27 00:00:00,9,SH-PL-1,,,,
58,2026-06-13 00:00:00,P1,2026-06-13 00:00:00,8,2026-06-16 00:00:00,6,1,2026-06-27 00:00:00,10,SH-P1-1,2026-06-27 00:00:00,,,
61,,PL,,,2026-06-16 00:00:00,48,0.5,2026-06-27 00:00:00,9,SH-PL-1,,,,
62,2026-06-18 00:00:00,P1,2026-06-18 00:00:00,18,2026-06-21 00:00:00,7,1,2026-06-30 00:00:00,9,SH-P1-1,2026-06-30 00:00:00,,,
66,2026-06-19 00:00:00,P1,2026-06-19 00:00:00,14,2026-06-22 00:00:00,7,2.5,2026-06-30 00:00:00,10,SH-P1-1,2026-06-30 00:00:00,,,
69,,PL,,,,,0.5,2026-06-30 00:00:00,10,SH-PL-1,,,,
70,2026-06-20 00:00:00,P1,2026-06-20 00:00:00,13,2026-06-23 00:00:00,7,3.5,2026-07-02 00:00:00,11,SH-P1-1,2026-02-07 00:00:00,,,
73,,PL,,,,48,1,2026-07-02 00:00:00,11,SH-PL-1,,,,
74,2026-06-22 00:00:00,P1,2026-06-22 00:00:00,14,2026-06-25 00:00:00,7,4,2026-02-07 00:00:00,12,SH-P1-1,2026-02-07 00:00:00,,,
77,,PL,,,,48,1,2026-07-02 00:00:00,12,SH-PL-1,,,,
78,2026-06-23 00:00:00,P1,2026-06-23 00:00:00,11,2026-06-26 00:00:00,11,3.5,2026-03-07 00:00:00,11,SH-P1-1,2026-03-07 00:00:00,,,
81,,PL,,16,,48,0.5,2026-07-03 00:00:00,9,SH-PL-1,,,,
82,2026-06-24 00:00:00,P1,2026-06-24 00:00:00,13,2026-06-27 00:00:00,11,3.5,2026-07-03 00:00:00,12,SH-P1-1,2026-03-07 00:00:00,,,
85,,PL,,,,48,0.5,2026-07-03 00:00:00,9,SH-PL-1,,,,
86,2026-06-25 00:00:00,P1,2026-06-25 00:00:00,12,2026-06-28 00:00:00,11,7,2026-07-08 00:00:00,12,SH-P1-1,2026-08-07 00:00:00,,,
89,,PL,,19,,46,0.5,2026-07-08 00:00:00,9,SH-PL-1,,,,
90,2026-06-26 00:00:00,P1,2026-06-26 00:00:00,11,2026-06-29 00:00:00,2,9,2026-07-09 00:00:00,12,SH-P1-1,2026-09-07 00:00:00,,,
93,,PL,,16,,46,3,2026-07-09 00:00:00,9,SH-PL-1,,,,
94,2026-06-27 00:00:00,P1,2026-06-27 00:00:00,13,2026-06-30 00:00:00,2,2.5,2026-07-13 00:00:00,12.3,SH-P1-1,2026-07-13 00:00:00,,,
97,,PL,,18,,46,1.5,2026-07-13 00:00:00,11,SH-PL-1,,,,
98,2026-06-29 00:00:00,P1,2026-06-29 00:00:00,11,2026-07-02 00:00:00,3,7,2026-07-14 00:00:00,12,SH-P1-1,2026-07-14 00:00:00,,,
101,,PL,,15,,46,0.5,2026-07-14 00:00:00,11,SH-PL-1,,,,
102,2026-06-30 00:00:00,P1,2026-06-30 00:00:00,14,2026-07-03 00:00:00,3,9,2026-07-15 00:00:00,12,SH-P1-1,2026-07-15 00:00:00,,,
105,,PL,,17,,47,1,2026-07-15 00:00:00,11,SH-PL-1,,,,
106,2026-07-01 00:00:00,P1,2026-01-07 00:00:00,9,2026-07-04 00:00:00,25,21,2026-07-17 00:00:00,12,SH-P1-1,2026-07-17 00:00:00,,,
109,,PL,,20,,47,3,2026-07-17 00:00:00,9,SH-PL-1,,,,
110,2026-07-02 00:00:00,P1,2026-02-07 00:00:00,11,2026-07-05 00:00:00,8,18,2026-07-17 00:00:00,12,SH-P1-1,2026-07-17 00:00:00,,,
113,,PL,,15,,49,5,2026-07-17 00:00:00,11,SH-PL-1,,,,
114,2026-07-03 00:00:00,P1,2026-03-07 00:00:00,6,2026-07-06 00:00:00,27,15,2026-07-18 00:00:00,12,SH-P1-1,2026-07-18 00:00:00,,,
117,,PL,,17,,50,6,2026-07-18 00:00:00,9,SH-PL-1,,,,
118,2026-07-04 00:00:00,P1,2026-04-07 00:00:00,5,2026-07-07 00:00:00,6,5,2026-07-18 00:00:00,12,SH-P1-1,2026-07-18 00:00:00,,,
121,,PL,,19,,50,1.5,2026-07-18 00:00:00,9,SH-PL-1,,,,
122,2026-07-06 00:00:00,P1,2026-06-07 00:00:00,10,2026-07-09 00:00:00,6,9,2026-07-20 00:00:00,12,SH-P1-1,2026-07-20 00:00:00,,,
125,,PL,,14,,49,2,2026-07-20 00:00:00,9,SH-PL-1,,,,
126,2026-07-08 00:00:00,P1,2026-08-07 00:00:00,5,2026-07-11 00:00:00,29,11,2026-07-20 00:00:00,12,SH-P1-1,2026-07-20 00:00:00,,,
129,,PL,,17,,45,1.5,2026-07-20 00:00:00,9,SH-PL-1,,,,
130,2026-07-09 00:00:00,P1,2026-12-07 00:00:00,7,2026-07-12 00:00:00,30,14,2026-07-21 00:00:00,12,SH-P1-1,2026-07-21 00:00:00,,,
133,,PL,,16,,45,2,2026-07-21 00:00:00,9,SH-PL-1,,,,
134,2026-07-13 00:00:00,P1,2026-07-13 00:00:00,8,2026-07-16 00:00:00,4,6,2026-07-24 00:00:00,11,SH-P1-1,2026-07-24 00:00:00,,,
137,,PL,,15,,45,1,2026-07-24 00:00:00,9,SH-PL-1,,,,
138,2026-07-14 00:00:00,P1,2026-07-14 00:00:00,9,2026-07-17 00:00:00,4,8,2026-07-25 00:00:00,12,SH-P1-1,2026-07-25 00:00:00,,,
141,,PL,,17,,47,0.5,2026-07-25 00:00:00,9,SH-PL-1,,,,
142,2026-07-15 00:00:00,P1,2026-07-15 00:00:00,3,2026-07-18 00:00:00,25,21,2026-07-28 00:00:00,12,SH-P1-1,2026-07-28 00:00:00,,,
145,,PL,,20,,47,2,2026-07-28 00:00:00,10,SH-PL-1,,,,
146,2026-07-16 00:00:00,P1,2026-07-16 00:00:00,5,2026-07-19 00:00:00,8,24,2026-07-28 00:00:00,12,SH-P1-1,2026-07-28 00:00:00,,,
149,,PL,,15,,47,3,2026-07-28 00:00:00,10,SH-PL-1,,,,
150,2026-07-17 00:00:00,P1,2026-07-17 00:00:00,4,2026-07-20 00:00:00,9,24,2026-07-30 00:00:00,12,SH-P1-1,2026-07-30 00:00:00,,,
153,,PL,,18,,49,5,2026-07-30 00:00:00,10,SH-PL-1,,,,
154,2026-07-18 00:00:00,P1,2026-07-18 00:00:00,9,2026-07-21 00:00:00,10,19,2026-07-30 00:00:00,12,SH-P1-1,2026-07-30 00:00:00,,,
157,,PL,,17,,48,4,2026-07-30 00:00:00,10,SH-PL-1,,,,
158,2026-07-20 00:00:00,P1,2026-07-20 00:00:00,4,2026-07-23 00:00:00,2,25,2026-04-08 00:00:00,13,SH-P1-1,2026-07-30 00:00:00,,,
161,,PL,,15,,49,4,2026-08-04 00:00:00,9,SH-PL-1,,,,
162,2026-07-21 00:00:00,P1,2026-07-21 00:00:00,3,2026-07-24 00:00:00,28,20,2026-08-04 00:00:00,11,SH-P1-1,2026-04-08 00:00:00,,,
165,,PL,,17,,51,4,2026-08-04 00:00:00,9,SH-PL-1,,,,
166,2026-07-22 00:00:00,P1,2026-07-22 00:00:00,2,2026-07-25 00:00:00,29-30,41,2026-08-05 00:00:00,12,SH-P1-1,2026-05-08 00:00:00,,,
169,,PL,,19,,46,5,2026-08-05 00:00:00,9,SH-PL-1,,,,
170,2026-07-23 00:00:00,P1,2026-07-23 00:00:00,4,2026-07-26 00:00:00,2026-04-15 00:00:00,45,2026-08-06 00:00:00,10,SH-P1-2,2026-08-06 00:00:00,,,
173,,PL,,15,,46,4,2026-08-06 00:00:00,9,SH-PL-1,,,,
174,2026-07-24 00:00:00,P1,2026-07-24 00:00:00,5,2026-07-27 00:00:00,5,26,2026-08-08 00:00:00,10,SH-P1-2,2026-08-08 00:00:00,,,
177,,PL,,17,,66,5,2026-08-08 00:00:00,9,SH-PL-1,,,,
178,2026-07-25 00:00:00,P1,2026-07-25 00:00:00,6,2026-07-28 00:00:00,1,19,2026-08-08 00:00:00,10,SH-P1-2,2026-08-08 00:00:00,,,
181,,PL,,20,,66,5,2026-08-08 00:00:00,9,SH-PL-1,,,,
182,2026-07-27 00:00:00,P1,2026-07-27 00:00:00,5,2026-07-30 00:00:00,25-26,34,2026-08-09 00:00:00,12,SH-P1-2,2026-08-09 00:00:00,,,
185,,PL,,15,,47,4,2026-08-09 00:00:00,9,SH-PL-1,,,,
186,2026-07-28 00:00:00,P1,2026-07-28 00:00:00,3,2026-07-31 00:00:00,10,17,2026-08-09 00:00:00,12,SH-P1-2,2026-08-09 00:00:00,,,
190,2026-07-29 00:00:00,P1,2026-07-29 00:00:00,4,01/08/0202,27,24,2026-08-11 00:00:00,10,SH-P1-2,2026-08-11 00:00:00,,,
194,2026-07-30 00:00:00,P1,2026-07-30 00:00:00,5,2026-08-02 00:00:00,35,20,2026-08-11 00:00:00,10,SH-P1-2,2026-08-11 00:00:00,,,
198,2026-07-31 00:00:00,P1,2026-07-31 00:00:00,2026-03-07 00:00:00,2026-08-03 00:00:00,2021-09-20 00:00:00,"33,9",2026-08-12 00:00:00,10,SH-P1-2,2026-08-12 00:00:00,,,
202,2026-08-01 00:00:00,P1,2026-08-01 00:00:00,4,2026-08-04 00:00:00,38-39,41,2026-08-12 00:00:00,10,SH-P1-2,2026-08-12 00:00:00,,,
206,2026-08-03 00:00:00,P1,2026-08-03 00:00:00,2,2026-08-03 00:00:00,2026-11-20 00:00:00,41,2026-08-14 00:00:00,10,SH-P1-2,2026-08-14 00:00:00,,,
210,2026-08-04 00:00:00,P1,2026-08-04 00:00:00,3,2026-08-06 00:00:00,2026-11-20 00:00:00,51,2026-08-15 00:00:00,10,SH-P1-2,2026-08-15 00:00:00,,,
214,2026-08-05 00:00:00,P1,2026-08-05 00:00:00,4,2026-08-08 00:00:00,"1,3,5",63,2026-08-15 00:00:00,10,SH-P1-2,2026-08-15 00:00:00,,,
218,2026-08-06 00:00:00,P1,2026-08-06 00:00:00,2,2026-08-09 00:00:00,"43,44",72,2026-08-20 00:00:00,10,SH-P1-5,2026-08-20 00:00:00,,,
222,2026-08-07 00:00:00,P1,2026-08-07 00:00:00,3,2026-08-10 00:00:00,"8,25,26",60,2026-08-20 00:00:00,10,SH-P1-5,2026-08-20 00:00:00,,,
226,2026-08-08 00:00:00,P1,2026-08-08 00:00:00,4,2026-08-11 00:00:00,9,21,2026-08-21 00:00:00,10,SH-P1-5,2026-08-21 00:00:00,,,
230,2026-08-10 00:00:00,P1,2026-08-10 00:00:00,2,2026-08-13 00:00:00,"33,34,35",64,2026-09-18 00:00:00,10,SH-P1-4,2026-09-18 00:00:00,,,
234,2026-08-11 00:00:00,P1,2026-08-11 00:00:00,"3,8",2026-08-14 00:00:00,"54,55,56",91,2026-09-18 00:00:00,10,SH-P1-4,2026-09-18 00:00:00,,,
238,2026-08-12 00:00:00,P1,2026-08-12 00:00:00,"4,9",2026-08-15 00:00:00,"11,12,45,57",104,2026-08-26 00:00:00,10,SH-P1-5,2026-08-26 00:00:00,,,
242,2026-08-13 00:00:00,P1,2026-08-13 00:00:00,"2,10",2026-08-16 00:00:00,"1,2,3,4,5,29",150,2026-09-18 00:00:00,10.5,SH-P1-4,2026-09-18 00:00:00,,,
246,2026-08-14 00:00:00,P1,2026-08-14 00:00:00,1,2026-08-17 00:00:00,"14,20,21,30,31,32",136,2026-09-18 00:00:00,10,SH-P1-4,2026-09-18 00:00:00,,,
250,2026-08-15 00:00:00,P1,2026-08-15 00:00:00,"3,6",2026-08-18 00:00:00,"16,58,59,60",112,2026-09-18 00:00:00,10,SH-P1-4,2026-09-18 00:00:00,,,
254,2026-08-16 00:00:00,P1,2026-08-16 00:00:00,10,2026-08-19 00:00:00,6,8,2026-08-28 00:00:00,10,SH-P1-5,2026-08-28 00:00:00,,,
258,2026-08-17 00:00:00,P1,2026-08-17 00:00:00,1,2026-08-21 00:00:00,"8,25,26,35",90,2026-09-18 00:00:00,10.1,SH-P1-3,2026-09-18 00:00:00,,,
262,2026-08-18 00:00:00,P1,2026-08-18 00:00:00,6,2026-08-21 00:00:00,"54,55,56",91,2026-09-01 00:00:00,10.4,SH-P1-5,2026-09-01 00:00:00,,,
266,2026-08-19 00:00:00,P1,2026-08-19 00:00:00,3,2026-08-22 00:00:00,"1,2,3",87,2026-08-30 00:00:00,11.8,SH-P1-5,2026-08-30 00:00:00,,,
270,2026-08-20 00:00:00,P1,2026-08-20 00:00:00,"5,8",2026-08-23 00:00:00,"4,10,29,30",130,2026-09-18 00:00:00,9.8,SH-P1-3,2026-09-18 00:00:00,,,
274,2026-08-21 00:00:00,P1,2026-08-21 00:00:00,1,2026-08-24 00:00:00,"14,15,16,31,32",138,2026-09-08 00:00:00,10,SH-P1-3,2026-09-18 00:00:00,,,
278,2026-08-22 00:00:00,P1,2026-08-22 00:00:00,2,2026-08-25 00:00:00,"8,25,26,35",122,2026-09-18 00:00:00,10.5,SH-P1-3,2026-09-18 00:00:00,,,
282,2026-08-23 00:00:00,P1,2026-08-23 00:00:00,4,2026-08-26 00:00:00,"18,36",41,2026-09-03 00:00:00,10,SH-P1-5,2026-09-03 00:00:00,,,
286,2026-08-24 00:00:00,P1,2026-08-24 00:00:00,1,2026-08-27 00:00:00,"11,12,27,28",117,2026-09-18 00:00:00,10,SH-P1-3,2026-09-18 00:00:00,,,
290,2026-08-25 00:00:00,P1,2026-08-25 00:00:00,5,2026-08-28 00:00:00,"4,10,29",68,2026-09-18 00:00:00,9.7,SH-P1-3,2026-09-18 00:00:00,,,
294,2026-08-26 00:00:00,P1,2026-08-26 00:00:00,"2,4",2026-08-29 00:00:00,"13,14,15,16",117,2026-09-18 00:00:00,10.1,SH-P1-3,2026-09-18 00:00:00,,,
298,2026-08-27 00:00:00,P1,2026-08-27 00:00:00,"3,5",2026-08-30 00:00:00,"45,57",135,2026-09-18 00:00:00,10,SH-P1-3,2026-09-18 00:00:00,,,
302,2026-08-28 00:00:00,P1,2026-08-28 00:00:00,"6,8",2026-08-31 00:00:00,"5,9,33,12,3",157,2026-09-07 00:00:00,10,SH-P1-5,2026-09-07 00:00:00,,,
306,2026-08-29 00:00:00,P1,2026-08-29 00:00:00,"2,4",2026-09-02 00:00:00,"12,12,26",122,2026-09-12 00:00:00,10,SH-P1-5,2026-09-12 00:00:00,,,
310,2026-08-30 00:00:00,P1,2026-08-30 00:00:00,3,2026-09-02 00:00:00,27,17,2026-09-12 00:00:00,10,SH-P1-5,2026-09-12 00:00:00,,,
314,2026-08-31 00:00:00,P1,2026-08-31 00:00:00,5,2026-09-03 00:00:00,"43,25,35,56",118,2026-09-14 00:00:00,9.9,SH-P1-6,2026-09-14 00:00:00,,,
318,2026-09-01 00:00:00,P1,2026-09-01 00:00:00,1,2026-09-04 00:00:00,"18,19,36,44,61",152,2026-09-15 00:00:00,9.7,SH-P1-6,2026-09-15 00:00:00,,,
322,2026-09-02 00:00:00,P1,2026-09-02 00:00:00,"2,4",2026-09-05 00:00:00,"4,10,13,14,29",148,2026-09-18 00:00:00,10,SH-P1-6,2026-09-18 00:00:00,,,
326,2026-09-03 00:00:00,P1,2026-09-03 00:00:00,5,2026-09-06 00:00:00,"16,58,59",100,2026-09-19 00:00:00,10,SH-P1-5,2026-09-19 00:00:00,,,
334,2026-09-05 00:00:00,P1,2026-09-05 00:00:00,4,2026-09-08 00:00:00,"1,2,9",104,2026-09-19 00:00:00,10,SH-P1-5,2026-09-19 00:00:00,,,
342,2026-09-07 00:00:00,P1,2026-09-07 00:00:00,2,2026-09-10 00:00:00,"43,46,56",110,2026-09-20 00:00:00,9.9,SH-P1-7,2026-09-20 00:00:00,,,
346,2026-09-08 00:00:00,P1,2026-09-08 00:00:00,3,2026-09-11 00:00:00,"5,18,35,44",124,2026-09-21 00:00:00,10.2,SH-P1-7,2026-09-21 00:00:00,,,
350,2026-09-09 00:00:00,P1,2026-09-09 00:00:00,2026-05-04 00:00:00,2026-09-12 00:00:00,"20,26,27,38",116,2026-09-23 00:00:00,10,SH-P1-7,2026-09-23 00:00:00,,,
